id,symbol,name,nameid,rank,price_usd,percent_change_24h,percent_change_1h,percent_change_7d,price_btc,market_cap_usd,volume24,volume24a,csupply,tsupply,msupply
90,BTC,Bitcoin,bitcoin,1,82975.14,-2.74,1.25,-15.47,1.00,1644768736198.60,64502498243.24296,53962107048.465485,19822427.00,19822427,21000000
80,ETH,Ethereum,ethereum,2,2189.00,-5.62,0.86,-20.11,0.026411,263716501324.31,26593347517.167587,22014409410.938683,120473321.00,122375302,
518,USDT,Tether,tether,3,1.00,-0.03,0.01,0.08,0.000012,139467522252.10,108436719356.88855,88665036716.40192,139329876218.00,141572991338.46,
58,XRP,XRP,ripple,4,2.13,-2.92,1.09,-19.81,0.000026,122687769551.28,6170299488.348719,4420380981.5033865,57641211234.00,99986586496,100000000000
2710,BNB,Binance Coin,binance-coin,5,585.84,-3.14,0.66,-10.19,0.007068,97718483221.37,1248147149.8713703,1395832447.747892,166801148.00,192443301,200000000
48543,SOL,Solana,solana,6,144.76,5.06,1.38,-16.78,0.001747,70442171527.19,6299601775.818223,4261211829.217018,486606871.00,491561409.22682,
33285,USDC,USD Coin,usd-coin,7,1.00,-0.07,0.01,0.07,0.000012,52206711654.86,10296667463.047207,7985119621.150042,52188007940.00,52188007940.709,
2,DOGE,Dogecoin,dogecoin,8,0.194583,-6.14,1.24,-22.85,0.000002,28796221508.12,2066760772.219148,1558872845.4341013,147989176384.00,147989176384,
257,ADA,Cardano,cardano,9,0.626082,-5.84,0.77,-21.84,0.000008,22025719041.77,834198556.5407466,608184386.4323176,35180226133.00,35983607755.528,45000000000
46971,STETH,Staked Ether,staked-ether,10,2181.51,-5.89,0.71,-20.24,0.026320,20114004497.95,204821157.36690298,48149563.9993559,9220200.00,9561243,9901295
2713,TRX,TRON,tron,11,0.228838,0.30,0.93,-8.04,0.000003,19710978516.09,1207276530.133794,1043106308.6740118,86134911300.00,100000000000,
33422,WBTC,Wrapped Bitcoin,wrapped-bitcoin,12,82838.04,-2.82,1.14,-15.46,0.999457,10977200255.42,452455009.83812356,227006390.4566789,132514.00,132514.77886692,
1,LTC,Litecoin,litecoin,13,125.61,-0.44,0.73,-8.20,0.001515,9478490693.58,2088728958.890009,1904018987.8882787,75462162.00,84000000,84000000
2751,LINK,ChainLink,chainlink,14,14.49,-5.93,1.56,-19.87,0.000175,9244353202.44,501972978.7327485,461342603.8379688,638099970.00,1000000000,1000000000
44883,AVAX,Avalanche,avalanche,15,21.61,-5.31,0.94,-13.05,0.000261,8893948199.48,611571849.2544758,421845120.3382157,411588573.00,449924873.17709,715748719
33833,LEO,UNUS SED LEO,unus-sed-leo,16,9.48,1.90,0.96,-2.94,0.000114,8759206730.99,9163078.25435497,8302194.646223721,924240811.00,985239504,
89,XLM,Stellar,stellar,17,0.277133,-3.42,1.44,-18.70,0.000003,8477970486.11,213713898.10376763,165866379.33943078,30591655494.00,104303927518,104303927518
54683,TON,TON Coin,toncoin,18,3.33,-2.99,0.69,-6.44,0.000040,8461035854.55,177140696.78326017,91546351.60300022,2539507711.00,5047558528,5047558528
93845,SUI,Sui,sui,19,2.77,-2.63,1.72,-19.54,0.000033,8351316274.30,976070482.5568515,931552166.0968115,3009569341.00,10000000000,10000000000
45088,SHIB,Shiba Inu,shiba-inu,20,0.000014,-5.82,0.81,-11.53,1.65E-10,8064470121.76,26026507.76379577,34336914.99611097,589255151920720.00,5.8950837397825E+14,
2753,CNX,Cryptonex,cryptonex,21,42.29,-2.73,1.15,-15.47,0.000510,7992721233.29,19975732.248,16104835.525,188997901.00,188997901,210000000
48555,HBAR,Hedera Hashgraph,hedera-hashgraph,22,0.203424,1.28,1.71,-7.38,0.000002,7784527933.94,386510753.86306417,299874325.3712598,38267523240.00,50000000000,50000000000
32610,WETH,WETH,weth,23,2198.18,-5.16,1.19,-19.80,0.026522,7419569763.39,84010461.57460198,66369556.931290396,3375317.00,3375317.5926469,
45219,DOT,Polkadot,polkadot,24,4.72,-7.68,1.18,-6.41,0.000057,6582928694.51,386066797.3932193,336870485.7965132,1394562713.00,1475513198.5764,1475513198.5764
45178,OM,MANTRA DAO,mantra-dao,25,7.55,4.00,-0.62,-3.71,0.000091,6323916909.46,167365965.2569593,150699258.0450585,837536163.00,888888888,888888888
2321,BCH,Bitcoin Cash,bitcoin-cash,26,297.74,-0.35,1.21,-8.58,0.003592,5903438006.18,445359243.77793205,323222007.00273144,19827462.00,19827462,21000000
67117,BGB,Bitget Token,bitget-token,27,3.96,-3.25,1.67,-15.30,0.000048,5542631507.41,345651870.09112364,339148179.95594645,1400001000.00,2000000000,2000000000
32417,DAI,Dai,dai,28,1.00,0.02,0.02,0.12,0.000012,5370548411.06,34735447.095815346,163035479.11219177,5365382702.00,5365382702.6649,
47305,UNI,Uniswap,uniswap,29,7.42,-7.98,1.27,-19.93,0.000090,4455175739.57,231302844.79416168,181620638.23428702,600483073.00,1000000000,1000000000
96901,WBETH,Wrapped Beacon ETH,wrapped-beacon-eth,30,2326.90,-5.71,0.99,-20.02,0.028074,4350425019.78,26602006.28647145,8985270.391736992,1869624.00,1869624.9598632,1869624.9598632
127063,sUSDe,Ethena Staked USDe,ethena-staked-usde,31,1.15,0.05,-0.07,0.09,0.000014,4220420902.94,2766963.970738836,5043882.687085006,3663008088.00,3663008088.3412,
28,XMR,Monero,monero,32,214.65,0.85,1.49,-7.89,0.002590,3959669933.88,72703935.50082955,48869690.754237525,18446744.00,18446744.07371,
111341,APT,Aptos,aptos,33,6.16,-0.85,1.43,-2.90,0.000074,3530138902.56,272266707.92428607,281235225.64763796,572963346.00,1137599205.7185,1137599205.7185
48563,NEAR,NEAR Protocol,near-protocol,34,3.00,-2.43,1.46,-12.64,0.000036,3526387549.99,235517421.6162909,181377975.67549777,1176800850.00,1176800850,1176800850
93841,PEPE,Pepe,pepe,35,0.000008,-6.58,0.78,-18.77,9.41E-11,3281878950.62,9466982.045342484,9469910.997482127,420689899999990.00,420689899999994,420690000000000
121611,ONDO,Ondo,ondo-finance,36,0.972283,-0.53,1.91,-20.66,0.000012,3071547852.79,206000131.23014125,207078374.799319,3159107529.00,10000000000,
46018,AAVE,Aave,aave,37,188.94,-7.26,0.95,-27.35,0.002280,2841720754.78,256194274.9311982,240326193.97086158,15040465.00,16000000,16000000
118,ETC,Ethereum Classic,ethereum-classic,38,18.91,0.52,1.13,-9.37,0.000228,2840300154.34,417319031.7169955,357270069.1494058,150239230.00,210700000,210700000
121619,TAO,Bittensor,bittensor,39,329.04,-5.18,1.82,-28.09,0.003970,2703138685.90,223988916.55447426,192609000.920642,8215232.00,8215232,21000000
33531,OKB,OKB,okb,40,43.81,-3.55,0.23,-11.26,0.000529,2628364225.95,13140285.989204008,9325781.900334436,60000000.00,299999999,
121595,MNT,Mantle,mantle,41,0.724490,-4.18,1.12,-30.14,0.000009,2437686529.12,82237188.54617831,67899439.64483546,3364694382.00,6219316794.99,6219316795
2741,VET,VeChain,vechain,42,0.027912,-2.20,0.74,-14.03,3.37E-7,2260433321.06,57516352.543991365,46781987.1853312,80985041177.00,85985041177,86712634466
44035,TKX,Tokenize Xchange,tokenize-xchange,43,28.17,-4.18,-1.46,-20.69,0.000340,2253288509.32,1226512.3923472408,1296437.0505276346,79995999.00,100000000,100000000
70485,KAS,Kaspa,kaspa,44,0.081210,-4.98,3.28,-23.56,9.80E-7,2079290961.27,106794499.326269,63212717.87047555,25603737127.00,25603737127.745,28704026601
32607,FIL,Filecoin,filecoin,45,3.22,-1.66,1.06,-7.48,0.000039,1992309355.06,201411235.23032695,170032206.01165393,619372473.00,1959703254,
34406,ALGO,Algorand,algorand,46,0.235164,-0.88,0.83,-12.55,0.000003,1964247740.81,120944543.98182847,87711486.4115864,8352675037.00,10000000000,10000000000
100423,FDUSD,First Digital USD,first-digital-usd,47,0.997262,-0.15,0.00,-0.07,0.000012,1951907346.95,10498325935.527378,9321666169.80199,1957266894.00,1957266894.62,
135601,RENDER,Render,render,48,3.73,-0.46,0.92,-14.86,0.000045,1931003945.51,220811523.707539,188268524.82062986,517697726.00,532457899.96759,644168762
33644,FTM,Fantom,fantom,49,0.660645,-6.84,0.80,-30.19,0.000008,1852208410.73,2921174.422074794,4645120.081865092,2803634835.00,3175000000,3175000000
136105,TIA,Celestia,celestia,50,3.60,-3.80,0.98,-1.16,0.000043,1811771532.71,111915161.61865333,150751304.07586786,503429575.00,1098534575.3421,
33830,ATOM,Cosmos,cosmos,51,4.49,-3.65,1.09,-8.74,0.000054,1755226290.93,131215411.88739835,124902218.35129511,390934204.00,390934204,
93847,ARB,Arbitrum,arbitrum,52,0.412210,-4.09,1.17,-15.45,0.000005,1735450143.17,211544742.7029626,133092377.04150479,4210111968.00,10000000000,
121623,FTN,Fasttoken,fasttoken,53,3.96,0.44,-0.03,0.37,0.000048,1728385604.18,924640.3413075018,640030.8535866052,436261513.00,880000000,1000000000
33718,FET,Fetch.ai,fetch,54,0.642126,-1.35,1.12,-15.45,0.000008,1563012593.88,123403172.08750208,113286798.00591628,2434122159.00,2714493896.672,2719493897
12377,MKR,Maker,maker,55,1565.95,-7.39,1.93,13.78,0.018893,1397191300.63,799915971.7147795,514182990.85110706,892234.00,918875,1005577
70497,OP,Optimism,optimism,56,1.08,-5.04,2.06,-7.22,0.000013,1278317900.75,216419517.031998,252048625.52049226,1187596466.00,4294967296,4294967296
46183,INJ,Injective Protocol,injective-protocol,57,12.99,-3.90,1.28,-17.48,0.000157,1262137906.47,108947203.75320727,83434048.2462387,97152222.00,100000000,100000000
126763,ENA,Ethena,ethena,58,0.412616,-2.57,1.08,1.91,0.000005,1251387373.98,231605433.33800316,243766326.68433306,3032812500.00,15000000000,15000000000
121593,IMX,Immutable,immutable-x,59,0.712109,1.56,1.48,-2.14,0.000009,1241775930.22,42442584.859810814,37936323.792253524,1743800322.00,2000000000,2000000000
48569,STX,Stacks,stacks,60,0.813468,-5.37,0.61,-13.54,0.000010,1226559184.69,58522699.790962555,106671429.68063866,1507814826.00,1507814826.8363,1818000000
32360,THETA,Theta Token,theta-token,61,1.15,-3.68,0.88,-14.07,0.000014,1148259098.71,26572705.647087604,20796562.79376604,1000000000.00,1000000000,
144321,BNSOL,Binance Staked SOL,binance-staked-sol,62,150.30,5.18,1.76,-16.36,0.001813,1137083828.40,9120100.142700002,7382246.0096,7565428.00,7565428.9394815,
48561,GRT,The Graph,the-graph,63,0.118728,-3.79,0.83,-14.45,0.000001,1133681065.17,63995054.53441287,53250723.73154968,9548531509.00,10800262823,
46981,LDO,Lido DAO,lido-dao,64,1.26,-6.64,0.95,-27.85,0.000015,1130971303.10,129925482.65691066,114636761.50306699,896046961.00,1000000000,1000000000
33085,QNT,Quant,quant,65,93.42,-6.62,2.31,-5.03,0.001127,1127825366.14,76389830.37519263,121518641.16951454,12072738.00,45467000,45467000
46273,DEXE,DeXe,dexe,66,18.15,0.17,0.04,-4.44,0.000219,1036171819.52,12321856.215613406,7894129.404482767,57103760.00,96504599.336095,98942301
100427,SEI,Sei,sei,67,0.245169,-6.71,1.16,-6.87,0.000003,1031614904.19,142356814.82540134,137992935.63995454,4207777777.00,10000000000,10000000000
2750,KCS,KuCoin Shares,kucoin-shares,68,11.48,-3.82,0.44,-4.65,0.000139,1018915691.70,2027821.2327909726,1512360.681042418,88745681.00,170118637,
113497,METH,Mantle Staked Ether,mantle-staked-ether,69,2315.15,-5.69,0.78,-20.02,0.027933,1000721165.90,1102578.957496952,892791.3812103478,432249.00,444017,520969
32408,XDCE,XinFin Network,xinfin-network,70,0.078530,-2.54,0.02,-12.34,9.47E-7,962288055.18,28196765.444627937,26079253.486384846,12253720803.00,12253720803.1,37629974945
84965,FLR,Flare,flare,71,0.016889,-0.17,1.20,-15.15,2.04E-7,936842651.68,11807273.132082943,9639749.362477193,55469579762.00,102867561202.53,
82537,BONK,Bonk,bonk,72,0.000013,-3.36,1.13,-16.83,1.59E-10,916165182.60,15764059.877884923,18447830.73868849,69474461693558.00,93526183276778,93863283342446
48039,JASMY,JasmyCoin,jasmycoin,73,0.018144,-3.14,1.16,-16.73,2.19E-7,878522155.60,30691736.10609358,25428129.35703399,48419999999.00,50000000000,50000000000
2679,EOS,EOS,eos,74,0.552465,-2.02,1.08,-13.77,0.000007,849869070.06,115938197.3954298,94074885.23968552,1538323158.00,2100000000,
32373,TEL,Telcoin,telcoin,75,0.008370,-0.16,1.14,-24.22,1.01E-7,768829303.10,5169687.084667102,5252318.139061898,91860083810.00,100000000000,100000000000
3682,XTZ,Tezos,tezos,76,0.748681,-2.68,0.93,-16.46,0.000009,765723733.76,30846952.718922958,25802226.66538521,1022763201.00,1043176571.6524,
51947,FLOKI,Floki Inu,floki-inu,77,0.000079,-4.93,0.86,-18.86,9.57E-10,761867782.25,51873624.24912006,51772854.5031106,9601002749536.00,10000000000000,
45161,SAND,The Sandbox,the-sandbox,78,0.311728,-1.61,0.83,-16.45,0.000004,757767123.65,104260135.17057024,89212182.01182231,2430857126.00,3000000000,3000000000
69801,USDD,USDD,usdd,79,0.999665,-0.03,-0.04,0.01,0.000012,750159978.02,20177326.023406245,26566403.43095106,750411392.00,754185915,
32604,NEXO,Nexo,nexo,80,1.16,-4.21,0.46,-13.61,0.000014,747537235.91,16062364.817837875,10553357.256277235,646145839.00,1000000000,1000000000
56821,ENS,Ethereum Name Service,ethereum-name-service,81,21.11,-4.11,0.59,-22.66,0.000255,743214666.85,95071799.27905819,74403819.70932077,35211736.00,100000000,100000000
111347,PYTH,Pyth Network,pyth-network,82,0.204719,-2.88,0.92,-15.28,0.000002,742102867.29,45494593.25702559,39254287.150125645,3624988786.00,9999988786.4386,10000000000
48589,FLOW,Flow,flow,83,0.471654,-2.02,1.11,-11.45,0.000006,733391619.36,32829746.5510052,30883042.419886123,1554936091.00,1554936091.074,
141199,KAIA,Kaia,kaia,84,0.121407,-3.94,-0.04,-7.58,0.000001,719798238.27,23180903.88109457,18959897.327776518,5928813857.00,5928813857.3377,
45577,GALA,Gala,gala,85,0.019361,-3.30,0.98,-15.22,2.34E-7,713131163.36,108385664.54608122,95433883.01108022,36833584283.00,38857744419.886,50000000000
111351,JTO,Jito,jito,86,2.54,1.37,0.94,-5.86,0.000031,706108319.61,49540312.414218724,30603337.26361966,278317357.00,1000000000,1000000000
42855,XAUT,Tether Gold,tether-gold,87,2840.36,-1.40,-0.37,-3.06,0.034270,700217538.46,6616832.33514084,9270852.475353533,246524.00,246524,
47371,RAY,Raydium,raydium,88,2.38,0.41,4.31,-47.48,0.000029,692568294.90,146330766.99387926,112150553.2866721,290888823.00,554999175.73466,555000000
33819,CRO,Crypto.com Chain,crypto-com-chain,89,0.073426,-1.67,1.32,-15.08,8.86E-7,681452924.14,22727683.23845424,17643051.372070402,9280821918.00,100000000000,
33234,BCHSV,Bitcoin SV,bitcoin-cash-sv,90,34.88,-1.73,1.19,-9.13,0.000421,672004131.27,121238066.16310836,127471023.54145569,19266077.00,21000000,21000000
127083,VIRTUAL,Virtual Protocol,virtual-protocol,91,1.03,-6.71,-0.58,-6.12,0.000012,667751932.73,103993414.72746253,112762119.89830962,645781178.00,1000000000,1000000000
70947,FLZ,Fellaz,fellaz,92,1.41,-2.20,-0.02,-8.28,0.000017,664187571.80,1767399.2485947784,1726575.4604810127,471874940.00,2000000000,2000000000
133,NEO,Neo,neo,93,9.34,-2.71,0.70,-14.34,0.000113,658849661.55,40705091.50317835,28620919.683046743,70538831.00,100000000,100000000
46968,FRAX,Frax,frax,94,0.996040,-0.03,-0.03,-0.04,0.000012,646861544.13,3710981.835781342,2766167.436435668,649433438.00,1044853133.2588,
447,MIOTA,IOTA,iota,95,0.199215,-2.46,1.01,-12.39,0.000002,609054066.32,39013143.86683901,28501754.04678749,3057265852.00,4600000000,4600000000
121613,WIF,dogwifhat,dogwifhat,96,0.606003,3.14,2.29,-5.38,0.000007,605300869.76,394852012.9142683,364504151.29000074,998841655.00,998841655.00104,
134,ZEC,Zcash,zcash,97,36.64,1.12,1.20,-2.68,0.000442,598342605.16,79211949.80707535,71675163.94537872,16328269.00,16328269,21000000
33536,MATIC,Matic Network,matic-network,98,0.270960,-5.21,0.55,-11.43,0.000003,589389096.74,3728826.056770846,3676056.3777380763,2175190262.00,10000000000,
45985,CAKE,PancakeSwap,pancakeswap,99,1.97,-3.96,0.99,-23.24,0.000024,585749161.81,72404122.04264168,70938754.01406336,297307421.00,385914700.74188,450000000
120827,HNT,Helium,helium,100,3.27,1.64,-0.04,-8.31,0.000039,579264952.09,4014031.992260632,3480487.3455753545,177074515.00,177074515.76871,223000000
46575,AXS,Axie Infinity,axie-infinity,101,3.65,-1.63,1.92,-16.92,0.000044,576492635.16,35955908.77144784,36348841.71809977,158016279.00,270000000,270000000
111369,ULTIMA,Ultima,ultima,102,17766.12,-5.00,0.36,-14.10,0.214352,569048887.66,7650024.309027023,7990426.733393,32030.00,100000,100000
42227,PAXG,PAX Gold,pax-gold,103,2840.68,-1.94,-0.24,-3.64,0.034273,566875725.15,36652888.94879039,31333418.248153947,199556.00,203182,
48581,CRV,Curve DAO Token,curve-dao-token,104,0.445656,-3.30,0.18,-15.37,0.000005,563150062.29,90239628.8793803,86816690.13530882,1263642651.00,2219471546,3303030299
258,MANA,Decentraland,decentraland,105,0.286427,-2.68,0.66,-12.10,0.000003,556314825.72,48413653.976897165,47212889.46767146,1942255184.00,2193179327,
48547,FTT,FTX Token,ftx-token,106,1.63,-2.87,-0.65,-15.82,0.000020,534861745.05,21672780.571447946,17106187.994781077,328895103.00,328895103.81321,352170015
141207,GRASS,Grass,grass,107,2.18,9.44,9.12,4.67,0.000026,531812064.78,38438123.812224194,24335593.765699185,243905091.00,1000000000,
121599,CFX,Conflux,conflux-network,108,0.109755,-7.03,0.68,-8.32,0.000001,529898116.92,48081623.27138555,32192091.464519527,4828026834.00,5090526852.93,
42441,AR,Arweave,arweave,109,8.05,-5.48,0.80,-18.24,0.000097,528346976.88,58437241.819940425,42096768.17440959,65652466.00,65652466,66000000
33389,BDX,Beldex,beldex,110,0.074912,1.32,0.85,0.39,9.04E-7,517839265.98,4507951.741099064,4396019.971792339,6912613170.00,9930633170.8495,9930633170.8495
136109,STRK,Starknet,starknet-token,111,0.211812,-2.89,0.91,-8.59,0.000003,512396983.50,38239182.29231559,33652345.15209281,2419112366.00,10000000000,10000000000
136127,SPX,SPX6900,spx6900,112,0.534101,-10.07,0.02,-23.98,0.000006,497244647.50,38513655.201023966,21768421.14523306,930993090.00,930993090.07,1000000000
32479,TUSD,TrueUSD,trueusd,113,0.997206,0.03,0.00,-0.09,0.000012,494216595.73,65425527.78966508,71053868.38281234,495601552.00,498264591,
144337,CMETH,Mantle Restaked Ether,mantle-restaked-ether,114,2317.90,-4.22,0.82,-20.07,0.027966,493232894.70,6634730.999520001,2563528.5059999996,212793.00,212793.70322705,
111357,PYUSD,PayPal USD,paypal-usd,115,0.998898,-0.11,-0.02,-0.12,0.000012,491247068.64,3002574.249395404,2050916.236232995,491788969.00,491788969.17679,
50807,INST,Instadapp,instadapp,116,5.94,-2.14,2.00,-26.71,0.000072,490618528.45,1313024.8711349,1371167.1802016569,82553941.00,100000000,
64675,KAVA,Kava,kava,117,0.436361,4.41,0.15,-4.29,0.000005,472515535.02,38365730.36752825,12027476.302252756,1082853819.00,1082853819,
42531,KLAY,Klaytn,klaytn,118,0.121030,-2.08,-0.11,-3.97,0.000001,459471140.34,1079203.5913621907,1005156.5714474099,3796340910.00,5855887677.1611,
34391,CHZ,Chiliz,chiliz,119,0.049798,-2.21,1.40,-7.01,6.01E-7,458477781.36,61567736.49320776,51317106.44531198,9206791217.00,9206791217,9206791217
48839,PENDLE,Pendle,pendle,120,2.88,0.78,1.49,-18.09,0.000035,458344167.02,67590221.99411601,57932511.98488324,159085259.00,258446028,258446029
122319,AERO,Aerodrome Finance,aerodrome-finance,121,0.603137,-3.19,1.97,-22.66,0.000007,455199918.57,17918846.081658356,11882485.782801848,754720197.00,1472086133.2617,
51539,XEC,eCash,ecash,122,0.000023,-2.45,0.75,-13.21,2.76E-10,452669125.65,11359461.84897492,10669967.60085991,19807692172584.00,19807692172584,21000000000000
36447,RUNE,THORChain,thorchain,123,1.30,-10.06,-0.55,7.74,0.000016,445851313.39,285728960.97509915,333601265.6106624,341700073.00,416538888,500000000
47304,COMP,Compound,compound,124,50.08,-3.54,0.55,-8.47,0.000604,444124012.37,22640648.00863637,21150069.80866632,8868568.00,10000000,10000000
87933,CHEEL,Cheelee,cheelee,125,7.68,-0.75,-0.44,-5.43,0.000093,436274783.57,9966966.981487466,9890491.323385611,56801805.00,1000000000,1000000000
77731,BNX,BinaryX,binaryx,126,1.16,2.83,0.48,4.80,0.000014,434399009.28,170493992.23386416,119372095.41432069,373097815.00,561062973,2100000000
120829,CORE,Core,core,127,0.473747,-5.86,0.72,-8.25,0.000006,426833505.69,50934325.6803471,44022330.08024254,900974183.00,2100000000,2100000000
45930,APE,APEcoin,apecoin,128,0.625573,-3.53,1.05,-12.74,0.000008,422039557.71,47215129.64377869,47589361.209062114,674644886.00,674644886,674644886
141215,AI16Z,ai16z,ai16z,129,0.380367,11.25,-0.39,11.87,0.000005,418403271.27,76110715.13793334,71066859.47094272,1099999252.00,1099999252.2645,1099999958.01
136107,BEAM,Beam,onbeam,130,0.008304,-2.10,0.86,-16.78,1.00E-7,410741545.34,4474570.01469188,2801678.81640485,49466004168.00,62434008330,62434008330
44178,TWT,Trust Wallet Token,trust-wallet-token,131,0.966939,-3.61,1.39,-8.55,0.000012,402874991.36,14926725.106893744,10564209.188610801,416649900.00,999668148,1000000000
126765,W,Wormhole,wormhole,132,0.140730,0.22,0.29,-16.85,0.000002,398961127.49,53025971.27053506,40643082.50571582,2834930991.00,10000000000,10000000000
48807,AIOZ,AIOZ Network,aioz-network,133,0.346915,-4.78,1.13,-24.13,0.000004,398438748.64,8762540.07985729,9060284.20640916,1148520918.00,1148520918.3351,
46194,AKT,Akash Network,akash-network,134,1.59,-1.21,0.77,-13.27,0.000019,394623156.42,10788326.940543862,9407810.647511553,248285794.00,248285800.80215,388539008
33878,RSR,Reserve Rights,reserve-rights,135,0.007205,-4.92,1.25,-17.32,8.69E-8,387883701.13,34235076.01503706,26779383.104416262,53834088904.00,100000000000,100000000000
167,GNO,Gnosis,gnosis-gno,136,148.16,-3.45,0.68,-17.10,0.001788,383245119.51,7803749.090912531,7443190.232397201,2586697.00,10000000,10000000
141205,EIGEN,EigenLayer,eigenlayer,137,1.62,-5.84,-0.17,-18.84,0.000019,379533253.14,84499845.73540497,74587610.87937777,234977760.00,1704544760.6222,
62645,MINA,Mina Protocol,mina-protocol,138,0.332222,5.12,8.23,-9.30,0.000004,378375791.35,37632582.926214494,16440454.3345627,1138922952.00,1177184800.84,1177184800.84
141221,DEEP,DeepBook Protocol,deepbook-protocol,139,0.135157,-1.18,0.99,-24.49,0.000002,375600202.32,11557045.857519971,11068072.781163715,2779000000.00,10000000000,10000000000
99333,AXL,Axelar,axelar,140,0.415310,-4.69,0.49,-16.32,0.000005,370423833.02,10308377.627202928,7873016.309372308,891921570.00,1079242404,
48745,OHM,Olympus,olympus,141,22.82,-2.31,0.24,3.86,0.000275,368031393.29,168186.34117390032,217941.24106296996,16127173.00,16127173.811766,
48537,LUNC,Terra Classic,terra-luna,142,0.000066,-2.07,0.16,-12.20,8.01E-10,365582897.93,11671348.463804048,10732717.87440874,5505331184401.00,6576804998885.5,6576804998885.5
91177,BZR,Bazaars,bazaars,143,31.05,3.17,0.41,82.77,0.000375,362443186.50,1316481.1323455097,1286343.23887779,11672346.00,555555555,555555555.55556
126779,BRETT,Brett,based-brett,144,0.036493,-2.87,0.92,-23.24,4.40E-7,361654115.27,23152388.93352202,24865314.436836228,9910236395.00,9910236395,10000000000
64703,RON,Ronin,ronin,145,0.945069,-4.17,0.85,-24.57,0.000011,354545559.78,6855403.384866032,7924972.061527267,375153227.00,1000000000,1000000000
136111,ZK,zkSync,zksync,146,0.095570,-4.14,1.27,-11.47,0.000001,351219579.21,36258597.50552452,34248899.41699812,3675000000.00,21000000000,21000000000
46571,GLM,Golem,golem,147,0.350347,-6.29,2.45,11.36,0.000004,350347419.85,101136850.73599148,76606936.23612332,1000000000.00,1000000000,1000000000
46966,1INCH,1inch,1inch,148,0.238871,-2.71,0.66,-10.46,0.000003,333793778.36,27247771.409851547,25725660.414994717,1397378541.00,1499999999,
44705,NXM,NXM,nxm,149,47.82,-5.14,0.29,-21.22,0.000577,315297429.17,466384.9124316454,495879.9282631297,6594067.00,6758960,
44043,JST,JUST,just,150,0.031756,-0.49,0.48,-8.22,3.83E-7,314388492.36,54499515.41304816,46793652.74560814,9900000000.00,9900000000,9900000000
488,POLY,Polymath,polymath-network,151,0.337285,1807.00,0.22,46.41,0.000004,311988089.73,212277.80852974797,17601.525231274183,924998413.00,1000000000,
59971,CKB,Nervos Network,nervos-network,152,0.006803,14.21,0.78,3.32,8.21E-8,311299111.01,269177118.2602703,16413594.33686597,45758337628.00,46464129790.254,
8,DASH,Dash,dash,153,25.62,-4.33,2.28,-6.72,0.000309,311039926.30,80780905.88137309,104532915.90685226,12141000.00,12141000,18900000
42277,KSM,Kusama,kusama,154,19.26,-5.83,1.70,-5.62,0.000232,308596866.66,19956318.429338466,16322984.22925934,16026809.00,16026809.207406,
47369,SFP,SafePal,safepal,155,0.616452,-1.87,0.43,-3.84,0.000007,300520190.37,6554648.852803954,5178925.826179235,487500000.00,500000000,500000000
33768,TFUEL,Theta Fuel,theta-fuel,156,0.043374,-2.87,0.61,-11.92,5.23E-7,295008998.15,10675610.204679534,17045233.90443733,6801555334.00,6801555334,
122649,CHEX,Chintai,chex-token,157,0.293300,-2.77,0.62,-34.52,0.000004,292983562.15,1793414.092910314,2006160.389569532,998921112.00,998921112.59886,
36329,MX,MX Token,mx-token,158,3.02,-0.97,1.36,-11.47,0.000036,292191902.75,31469531.878542617,32629914.430433188,96781834.00,418391834,1000000000
141213,FARTCOIN,Fartcoin,fartcoin,159,0.291982,-7.45,0.45,-16.18,0.000004,291981108.61,52851954.34163637,61077240.1719334,999998256.00,1000000000,1000000000
121637,CTC,Creditcoin,creditcoin,160,0.699260,-2.97,0.27,-9.75,0.000008,291650776.93,15207617.55053856,15900293.035877995,417084779.00,549564264,600000000
45467,EGLD,Elrond eGold,elrond-egold,161,21.31,-2.46,0.64,-7.98,0.000257,287908799.29,15284489.473389635,13889960.594594873,13508333.00,20000000,
130947,NOT,Notcoin,notcoin,162,0.002750,2.72,1.61,-9.47,3.32E-8,281779614.53,77571774.95928115,76425760.44305481,102456957529.00,102456957533.56,102456957533.56
62661,ASTR,Astar,astar,163,0.037633,-3.00,0.99,-10.62,4.54E-7,280236902.79,42340733.335485145,30121716.925260454,7446599127.00,8324332552,
46572,ROSE,Oasis Network,oasis-network,164,0.039404,-0.71,1.16,-12.06,4.75E-7,278352971.79,13987931.777102258,11682534.652148973,7064132681.00,10000000000,10000000000
90065,BLUR,Blur,blur-token,165,0.129991,-2.72,1.25,-9.40,0.000002,275572348.71,29396978.399734244,28126879.006023444,2119938859.00,3000000000,
120831,SUPER,SuperVerse,superverse,166,0.547031,-7.72,0.75,-23.83,0.000007,266970250.51,13960606.654417254,11999123.896672543,488035093.00,999998077.41692,999998077.41692
115653,1000SATS,SATS,sats,167,0.000127,-5.15,1.19,2.33,1.53E-9,266905956.36,1467877.9609869954,2946153.772381294,2100000000000.00,2100000000000,2100000000000
122333,POPCAT,Popcat,popcat-sol,168,0.272178,3.85,1.58,16.64,0.000003,266727052.82,52901168.997812584,44511191.88234593,979973184.00,979973220.96,979973220.96
237,QTUM,Qtum,qtum,169,2.52,-3.08,0.79,-21.80,0.000030,265416064.15,50603024.41510848,52792197.56830513,105469445.00,107822406,107822406
136475,DEUSD,Elixir deUSD,elixir-deusd,170,1.00,-0.02,-0.02,-0.01,0.000012,263753543.79,533083.2784033804,124635.32459673643,263694799.00,263694799.39,
64721,ACH,Alchemy Pay,alchemy-pay,171,0.030501,0.06,0.34,-20.04,3.68E-7,260667219.21,40955268.21541618,42551954.8843477,8546082374.00,9999999999,10000000000
32334,ZIL,Zilliqa,zilliqa,172,0.013295,-3.01,0.84,-10.93,1.60E-7,258612534.72,20212081.614381157,16826958.53727812,19451648044.00,20137603470.121,21000000000
111457,MOG,Mog Coin,mog-coin,173,6.42E-7,-4.62,2.41,-19.71,7.74E-12,250665617.66,106256.75386021669,226393.6426220982,390567526433220.00,390570159911439,420690000000000
46642,WEMIX,Wemix Token,wemix-token,174,0.615135,-12.20,2.02,-19.34,0.000007,250540968.77,21135343.56034539,1454854.193983011,407294576.00,529520894.19367,1000000000
184,BAT,Basic Attention Token,basic-attention-token,175,0.165662,-1.29,1.04,-9.91,0.000002,247773131.11,14528140.29320121,12956958.337910188,1495658356.00,1500000000,1500000000
97137,ORDI,Ordinals,ordinals,176,11.79,-7.54,0.80,-7.01,0.000142,247607733.33,89512617.76677468,74198705.0090228,21000000.00,21000000,21000000
33157,VTHO,VeThor Token,vethor-token,177,0.002903,-4.49,0.49,-15.91,3.50E-8,246096231.41,6313839.281287997,4334105.884202948,84767748547.00,84767748547,
2729,ZRX,0x,0x,178,0.289698,-1.57,0.93,-10.85,0.000003,245778899.11,35547539.94093695,33776628.90119782,848396562.00,1000000000,1000000000
32686,HOT,Holo,holo,179,0.001391,-1.47,0.40,-13.73,1.68E-8,243204110.49,10699272.811326087,8935863.009249628,174843716635.00,177619433541,
33433,LPT,Livepeer,livepeer,180,6.53,-6.81,0.76,-11.49,0.000079,241992599.55,26984749.92381372,29402689.66679225,37085165.00,37085165.421705,
94301,STIK,Staika,staika,181,5.09,-3.16,0.05,-2.60,0.000061,231012532.87,8235364.7892304165,10306651.582827372,45356213.00,249999913.63861,250000000
131339,ZKJ,Polyhedra Network,polyhedra-network,182,2.04,0.86,-0.07,-1.54,0.000025,229799427.31,8636176.039491862,14581571.625295918,112502998.00,1000000000,1000000000
94287,SNEK,Snek,snek,183,0.003069,-11.72,3.68,-34.50,3.70E-8,228222227.45,1990782.3271684498,1430211.2946430913,74354019500.00,75454019500,76715880000
141201,PNUT,Peanut the Squirrel,peanut-the-squirrel,184,0.227538,17.46,3.59,60.89,0.000003,227504632.45,447119938.77059525,378468441.7602838,999853790.00,999853790.21588,1000000000
47375,MASK,Mask Network,mask-network,185,2.21,-0.52,0.04,0.84,0.000027,221091111.11,39754342.76606478,29971603.917338613,100000000.00,100000000,100000000
126769,MEW,cat in a dogs world,mew,186,0.002477,3.65,0.86,-12.90,2.99E-8,220217467.85,62172379.98596223,34594754.97390185,88888888888.00,88888888888,88888888888
2708,GAS,Gas,gas,187,3.33,-5.20,0.86,-16.59,0.000040,216608041.30,10548232.289982384,6779367.638288036,64992331.00,64992331,
44425,CELO,Celo,celo,188,0.386781,-0.70,0.99,-11.87,0.000005,216423722.28,18419119.21208606,16032904.879742553,559550708.00,1000000000,1000000000
48829,CVX,Convex Finance,convex-finance,189,2.22,-6.93,1.08,-9.55,0.000027,215847922.50,11625330.557375934,8680133.335608536,97393194.00,99831265,100000000
183,SC,Siacoin,siacoin,190,0.003650,-0.59,0.81,-10.55,4.40E-8,210768865.97,21507233.16399259,21648671.56978443,57740391700.00,57769785000,
64669,OSMO,Osmosis,osmosis,191,0.297894,-4.57,0.70,-13.48,0.000004,209556822.96,7018795.126883989,7012005.822792589,703461901.00,997684351.13613,1000000000
111431,TOSHI,Toshi,toshi,192,0.000497,-4.38,-0.53,-17.74,6.00E-9,209121230.32,1771110.5029495058,1811382.6059884194,420690000000.00,420690000000,
48567,ONE,Harmony,harmony,193,0.014125,-3.34,1.16,-12.57,1.70E-7,202886662.31,19394096.884734783,12999547.668287238,14363971727.00,14363971727.763,14363971727.763
126771,ETHFI,ether.fi,ether-fi-ethfi,194,0.925885,-4.04,0.71,-19.46,0.000011,202624931.23,116309880.0248481,111606998.52804667,218844542.00,1000000000,1000000000
2581,ENJ,Enjin Coin,enjin-coin,195,0.112019,-2.37,1.24,-10.69,0.000001,200780736.61,15624843.171078488,13634533.598787684,1792378526.00,1862040155.9003,1862040155.9003
64733,SAVAX,BENQI Liquid Staked AVAX,benqi-liquid-staked-avax,196,25.71,-5.61,0.70,-13.17,0.000310,200174265.34,305541.87277329876,322592.54165422806,7785400.00,7785400.5107559,
135605,UXLINK,UXLINK,uxlink,197,0.586242,-4.30,0.11,-10.24,0.000007,198267051.83,449418040.6297991,560582622.3983415,338200000.00,1000000000,1000000000
144615,AIC,AI Companions,ai-companions,198,0.262851,-3.84,1.23,-24.16,0.000003,197137796.14,9463464.18410063,9796596.27404258,749999700.00,1000000000,1000000000
136329,MOCA,Moca Network,mocaverse,199,0.120404,-3.90,0.61,-9.65,0.000001,196724114.60,32746379.007361118,44327277.04815462,1633865250.00,8888888888,8888888888
32382,TRAC,OriginTrail,origintrail,200,0.392283,-0.72,1.67,-20.97,0.000005,196139699.43,1404166.9437100927,1240626.9607094512,499995031.00,500000000,500000000
